{"name":"Billboard 100","count":100,"version":2,"newdata":true,"lastrunstatus":"success","thisversionstatus":"success","thisversionrun":"Thu Oct 27 2016 04:43:44 GMT+0000 (UTC)","results":{"collection1":[{"Artist":{"href":"http://www.billboard.com/artist/5794072/the-chainsmokers","text":"The Chainsmokers Featuring Halsey"},"Song":"Closer","Number":"1"},{"Artist":{"href":"http://www.billboard.com/artist/419413/weeknd","text":"The Weeknd Featuring Daft Punk"},"Song":"Starboy","Number":"2"},{"Artist":{"href":"http://www.billboard.com/artist/430557/twenty-one-pilots","text":"twenty one pilots"},"Song":"Heathens","Number":"3"},{"Artist":{"href":"http://www.billboard.com/artist/1488413/dj-snake","text":"DJ Snake Featuring Justin Bieber"},"Song":"Let Me Love You","Number":"4"},{"Artist":{"href":"http://www.billboard.com/artist/6620442/dram","text":"D.R.A.M. Featuring Lil Yachty"},"Song":"Broccoli","Number":"5"},{"Artist":{"href":"http://www.billboard.com/artist/298455/bruno-mars","text":"Bruno Mars"},"Song":"24K Magic","Number":"6"},{"Artist":{"href":"http://www.billboard.com/artist/308937/major-lazer","text":"Major Lazer Featuring Justin Bieber & MO"},"Song":"Cold Water","Number":"7"},{"Artist":{"href":"http://www.billboard.com/artist/1484343/ariana-grande","text":"Ariana Grande Featuring Nicki Minaj"},"Song":"Side To Side","Number":"8"},{"Artist":{"href":"http://www.billboard.com/artist/309663/maroon-5","text":"Maroon 5 Featuring Kendrick Lamar"},"Song":"Don't Wanna Know","Number":"9"},{"Artist":{"href":"http://www.billboard.com/artist/6143288/shawn-mendes","text":"Shawn Mendes"},"Song":"Treat You Better","Number":"10"},{"Artist":{"href":"http://www.billboard.com/artist/6833103/gnash","text":"gnash Featuring Olivia O'Brien"},"Song":"I Hate U I Love U","Number":"11"},{"Artist":{"href":"http://www.billboard.com/artist/279248/sia","text":"Sia Featuring Sean Paul"},"Song":"Cheap Thrills","Number":"12"},{"Artist":{"href":"http://www.billboard.com/artist/7534496/zay-hilfigerrr","text":"Zay Hilfigerrr & Zayion McCall"},"Song":"Juju On That Beat (TZ Anthem)","Number":"13"},{"Artist":{"href":"http://www.billboard.com/artist/6839984/kiiara","text":"Kiiara"},"Song":"Gold","Number":"14"},{"Artist":{"href":"http://www.billboard.com/artist/5794072/the-chainsmokers","text":"The Chainsmokers Featuring Daya"},"Song":"Don't Let Me Down","Number":"15"},{"Artist":{"href":"http://www.billboard.com/artist/430557/twenty-one-pilots","text":"twenty one pilots"},"Song":"Ride","Number":"16"},{"Artist":{"href":"http://www.billboard.com/artist/275856/calvin-harris","text":"Calvin Harris Featuring Rihanna"},"Song":"This Is What You Came For","Number":"17"},{"Artist":{"href":"http://www.billboard.com/artist/6664195/hailee-steinfeld","text":"Hailee Steinfeld & Grey Featuring Zedd"},"Song":"Starving","Number":"18"},{"Artist":{"href":"http://www.billboard.com/artist/1490153/justin-timberlake","text":"Justin Timberlake"},"Song":"Can't Stop The Feeling!","Number":"19"},{"Artist":{"href":"http://www.billboard.com/artist/5733221/tory-lanez","text":"Tory Lanez"},"Song":"Luv","Number":"20"},{"Artist":{"href":"http://www.billboard.com/artist/7503952/young-m","text":"Young M.A"},"Song":"OOOUUU","Number":"21"},{"Artist":{"href":"http://www.billboard.com/artist/6140339/rae-sremmurd","text":"Rae Sremmurd Featuring Gucci Mane"},"Song":"Black Beatles","Number":"22"},{"Artist":{"href":"http://www.billboard.com/artist/301284/drake","text":"Drake Featuring WizKid & Kyla"},"Song":"One Dance","Number":"23"},{"Artist":{"href":"http://www.billboard.com/artist/278035/adele","text":"Adele"},"Song":"Send My Love (To Your New Lover)","Number":"24"},{"Artist":{"href":"http://www.billboard.com/artist/279248/sia","text":"Sia Featuring Kendrick Lamar"},"Song":"The Greatest","Number":"25"},{"Artist":{"href":"http://www.billboard.com/artist/365068/rihanna","text":"Rihanna"},"Song":"Needed Me","Number":"26"},{"Artist":{"href":"http://www.billboard.com/artist/307264/lil-wayne","text":"Lil Wayne, Wiz Khalifa & Imagine Dragons With Logic & Ty Dolla $ign Feat. X Ambassadors"},"Song":"Sucker For Pain","Number":"27"},{"Artist":{"href":"http://www.billboard.com/artist/301284/drake","text":"Drake Featuring Rihanna"},"Song":"Too Good","Number":"28"},{"Artist":{"href":"http://www.billboard.com/artist/6473237/charlie-puth","text":"Charlie Puth Featuring Selena Gomez"},"Song":"We Don't Talk Anymore","Number":"29"},{"Artist":{"href":"http://www.billboard.com/artist/5894837/x-ambassadors","text":"X Ambassadors"},"Song":"Unsteady","Number":"30"},{"Artist":{"href":"http://www.billboard.com/artist/299516/coldplay","text":"Coldplay"},"Song":"Hymn For The Weekend","Number":"31"},{"Artist":{"href":"http://www.billboard.com/artist/7518090/amine","text":"Amine"},"Song":"Caroline","Number":"32"},{"Artist":{"href":"http://www.billboard.com/artist/6683644/daya","text":"Daya"},"Song":"Sit Still, Look Pretty","Number":"33"},{"Artist":{"href":"http://www.billboard.com/artist/6897402/desiigner","text":"Desiigner"},"Song":"Tiimmy Turner","Number":"34"},{"Artist":{"href":"http://www.billboard.com/artist/275856/calvin-harris","text":"Calvin Harris"},"Song":"My Way","Number":"35"},{"Artist":{"href":"http://www.billboard.com/artist/6592648/alessia-cara","text":"Alessia Cara"},"Song":"Scars To Your Beautiful","Number":"36"},{"Artist":{"href":"http://www.billboard.com/artist/305717/kenny-chesney","text":"Kenny Chesney Featuring P!nk"},"Song":"Setting The World On Fire","Number":"37"},{"Artist":{"href":"http://www.billboard.com/artist/6897402/desiigner","text":"Desiigner"},"Song":"Panda","Number":"38"},{"Artist":{"href":"http://www.billboard.com/artist/7469826/rob-tone","text":"Rob $tone Featuring J. Davi$ & Spooks"},"Song":"Chill Bill","Number":"39"},{"Artist":{"href":"http://www.billboard.com/artist/305660/keith-urban","text":"Keith Urban"},"Song":"Blue Ain't Your Color","Number":"40"},{"Artist":{"href":"http://www.billboard.com/artist/1484343/ariana-grande","text":"Ariana Grande"},"Song":"Into You","Number":"41"},{"Artist":{"href":"http://www.billboard.com/artist/1567243/martin-garrix","text":"Martin Garrix & Bebe Rexha"},"Song":"In The Name Of Love","Number":"42"},{"Artist":{"href":"http://www.billboard.com/artist/4281953/chance-the-rapper","text":"Chance The Rapper Featuring Lil Wayne & 2 Chainz"},"Song":"No Problem","Number":"43"},{"Artist":{"href":"http://www.billboard.com/artist/5794072/the-chainsmokers","text":"The Chainsmokers Featuring Phoebe Ryan"},"Song":"All We Know","Number":"44"},{"Artist":{"href":"http://www.billboard.com/artist/301284/drake","text":"Drake"},"Song":"Controlla","Number":"45"},{"Artist":{"href":"http://www.billboard.com/artist/5680583/cole-swindell","text":"Cole Swindell"},"Song":"Middle Of A Memory","Number":"46"},{"Artist":{"href":"http://www.billboard.com/artist/299939/dj-khaled","text":"DJ Khaled Featuring Drake"},"Song":"For Free","Number":"47"},{"Artist":{"href":"http://www.billboard.com/artist/430708/usher","text":"Usher Featuring Young Thug"},"Song":"No Limit","Number":"48"},{"Artist":{"href":"http://www.billboard.com/artist/5665538/fifth-harmony","text":"Fifth Harmony Featuring Ty Dolla $ign"},"Song":"Work From Home","Number":"49"},{"Artist":{"href":"http://www.billboard.com/artist/302251/florida-georgia-line","text":"Florida Georgia Line Featuring Tim McGraw"},"Song":"May We All","Number":"50"},{"Artist":{"href":"http://www.billboard.com/artist/5883339/young-thug","text":"Young Thug And Travis Scott Featuring Quavo"},"Song":"Pick Up The Phone","Number":"51"},{"Artist":{"href":"http://www.billboard.com/artist/7340155/lil-yachty","text":"Lil Yachty"},"Song":"1 Night","Number":"52"},{"Artist":{"href":"http://www.billboard.com/artist/308556/luke-bryan","text":"Luke Bryan"},"Song":"Move","Number":"53"},{"Artist":{"href":"","text":""},"Song":"Bad Things","Number":"80"},{"Artist":{"href":"http://www.billboard.com/artist/7447109/21-savage","text":"21 Savage & Metro Boomin Featuring Future"},"Song":"X","Number":"54"},{"Artist":{"href":"http://www.billboard.com/artist/299939/dj-khaled","text":"DJ Khaled Featuring Nicki Minaj, Chris Brown & August Alsina"},"Song":"Do You Mind","Number":"55"},{"Artist":{"href":"http://www.billboard.com/artist/6605928/locash","text":"LoCash"},"Song":"I Know Somebody","Number":"56"},{"Artist":{"href":"http://www.billboard.com/artist/304236/jason-aldean","text":"Jason Aldean"},"Song":"A Little More Summertime","Number":"57"},{"Artist":{"href":"http://www.billboard.com/artist/7340914/lil-uzi-vert","text":"Lil Uzi Vert"},"Song":"Money Longer","Number":"58"},{"Artist":{"href":"http://www.billboard.com/artist/1539461/jon-bellion","text":"Jon Bellion"},"Song":"All Time Low","Number":"59"},{"Artist":{"href":"http://www.billboard.com/artist/6207248/partynextdoor","text":"PARTYNEXTDOOR Featuring Drake"},"Song":"Come And See Me","Number":"60"},{"Artist":{"href":"http://www.billboard.com/artist/6883588/brett-young","text":"Brett Young"},"Song":"Sleep Without You","Number":"61"},{"Artist":{"href":"http://www.billboard.com/artist/283473/billy-currington","text":"Billy Currington"},"Song":"It Don't Hurt Like It Used To","Number":"62"},{"Artist":{"href":"http://www.billboard.com/artist/7496310/dj-esco","text":"DJ ESCO Featuring Future & Lil Uzi Vert"},"Song":"Too Much Sauce","Number":"63"},{"Artist":{"href":"http://www.billboard.com/artist/276709/kanye-west","text":"Kanye West"},"Song":"Fade","Number":"64"},{"Artist":{"href":"http://www.billboard.com/artist/7526935/niall-horan","text":"Niall Horan"},"Song":"This Town","Number":"65"},{"Artist":{"href":"http://www.billboard.com/artist/311432/miranda-lambert","text":"Miranda Lambert"},"Song":"Vice","Number":"66"},{"Artist":{"href":"http://www.billboard.com/artist/302181/fitz-tantrums","text":"Fitz And The Tantrums"},"Song":"HandClap","Number":"67"},{"Artist":{"href":"http://www.billboard.com/artist/419413/weeknd","text":"The Weeknd"},"Song":"False Alarm","Number":"68"},{"Artist":{"href":"http://www.billboard.com/artist/6282598/old-dominion","text":"Old Dominion"},"Song":"Song For Another Time","Number":"69"},{"Artist":{"href":"http://www.billboard.com/artist/6883931/yfn-lucci","text":"YFN Lucci Featuring Migos & Trouble"},"Song":"Key To The Streets","Number":"70"},{"Artist":{"href":"http://www.billboard.com/artist/7340914/lil-uzi-vert","text":"Lil Uzi Vert"},"Song":"You Was Right","Number":"71"},{"Artist":{"href":"http://www.billboard.com/artist/6752366/dua-lipa","text":"Dua Lipa"},"Song":"Blow Your Mind (Mwah)","Number":"72"},{"Artist":{"href":"http://www.billboard.com/artist/298758/carrie-underwood","text":"Carrie Underwood"},"Song":"Dirty Laundry","Number":"73"},{"Artist":{"href":"http://www.billboard.com/artist/279186/andy-grammer","text":"Andy Grammer"},"Song":"Fresh Eyes","Number":"74"},{"Artist":{"href":"http://www.billboard.com/artist/7371557/kungs","text":"Kungs vs Cookin' On 3 Burners"},"Song":"This Girl","Number":"75"},{"Artist":{"href":"http://www.billboard.com/artist/297124/brett-eldredge","text":"Brett Eldredge"},"Song":"Wanna Be That Song","Number":"76"},{"Artist":{"href":"http://www.billboard.com/artist/276016/dj-drama","text":"DJ Drama Featuring Chris Brown, Skeme & Lyquin"},"Song":"Wishing","Number":"77"},{"Artist":{"href":"http://www.billboard.com/artist/7341926/frenship","text":"Frenship & Emily Warren"},"Song":"Capsize","Number":"78"},{"Artist":{"href":"http://www.billboard.com/artist/1490221/game","text":"The Game Featuring Jeremih"},"Song":"All Eyez","Number":"79"},{"Artist":{"href":"http://www.billboard.com/artist/7361605/dae-dae","text":"Dae Dae"},"Song":"Wat U Mean (Aye, Aye, Aye)","Number":"81"},{"Artist":{"href":"http://www.billboard.com/artist/281569/beyonce","text":"Beyonce"},"Song":"Hold Up","Number":"82"},{"Artist":{"href":"http://www.billboard.com/artist/300932/dierks-bentley","text":"Dierks Bentley Featuring Elle King"},"Song":"Different For Girls","Number":"83"},{"Artist":{"href":"http://www.billboard.com/artist/6143288/shawn-mendes","text":"Shawn Mendes"},"Song":"Mercy","Number":"84"},{"Artist":{"href":"http://www.billboard.com/artist/6532737/zara-larsson","text":"Zara Larsson"},"Song":"Ain't My Fault","Number":"85"},{"Artist":{"href":"http://www.billboard.com/artist/278330/schoolboy-q","text":"ScHoolboy Q Featuring Kanye West"},"Song":"THat Part","Number":"86"},{"Artist":{"href":"http://www.billboard.com/artist/6311648/kehlani","text":"Kehlani"},"Song":"CRZY","Number":"87"},{"Artist":{"href":"http://www.billboard.com/artist/5862674/yg","text":"YG Featuring Drake & Kamaiyah"},"Song":"Why You Always Hatin?","Number":"88"},{"Artist":{"href":"http://www.billboard.com/artist/5665538/fifth-harmony","text":"Fifth Harmony Featuring Fetty Wap"},"Song":"All In My Head (Flex)","Number":"89"},{"Artist":{"href":"http://www.billboard.com/artist/6311648/kehlani","text":"Kehlani"},"Song":"Gangsta","Number":"90"},{"Artist":{"href":"http://www.billboard.com/artist/7258399/tucker-beathard","text":"Tucker Beathard"},"Song":"Rock On","Number":"91"},{"Artist":{"href":"http://www.billboard.com/artist/6691905/marc-e-bassy","text":"Marc E. Bassy Featuring G-Eazy"},"Song":"You & Me","Number":"92"},{"Artist":{"href":"http://www.billboard.com/artist/6844893/marshmello","text":"Marshmello"},"Song":"Alone","Number":"93"},{"Artist":{"href":"http://www.billboard.com/artist/6710253/william-michael-morgan","text":"William Michael Morgan"},"Song":"I Met A Girl","Number":"94"},{"Artist":{"href":"http://www.billboard.com/artist/6763296/maren-morris","text":"Maren Morris"},"Song":"80s Mercedes","Number":"95"},{"Artist":{"href":"http://www.billboard.com/artist/299939/dj-khaled","text":"DJ Khaled Featuring Jay Z & Future"},"Song":"I Got The Keys","Number":"96"},{"Artist":{"href":"http://www.billboard.com/artist/302488/french-montana","text":"French Montana Featuring Kodak Black"},"Song":"Lockjaw","Number":"97"},{"Artist":{"href":"http://www.billboard.com/artist/7460360/a-boogie-wit-da-hoodie","text":"A Boogie Wit da Hoodie"},"Song":"My Sh*t","Number":"98"},{"Artist":{"href":"http://www.billboard.com/artist/429939/tim-mcgraw","text":"Tim McGraw"},"Song":"How I'll Always Be","Number":"99"},{"Artist":{"href":"http://www.billboard.com/artist/6693456/travis-scott","text":"Travis Scott"},"Song":"Goosebumps","Number":"100"}]}}